<?xml version="1.0" encoding="UTF-8"?>
<project-private xmlns="http://www.netbeans.org/ns/project-private/1">
    <editor-bookmarks xmlns="http://www.netbeans.org/ns/editor-bookmarks/2" lastBookmarkId="0"/>
    <open-files xmlns="http://www.netbeans.org/ns/projectui-open-files/2">
        <group>
            <file>file:/C:/Users/Lankarathne/Documents/NetBeansProjects/SEAMS/web/views/content.jsp</file>
            <file>file:/C:/Users/Lankarathne/Documents/NetBeansProjects/SEAMS/src/java/codeClass/UploadFile.java</file>
            <file>file:/C:/Users/Lankarathne/Documents/NetBeansProjects/SEAMS/src/java/codeClass/languageFind.java</file>
            <file>file:/C:/Users/Lankarathne/Documents/NetBeansProjects/SEAMS/src/java/codeClass/CodeModification.java</file>
            <file>file:/C:/Users/Lankarathne/Documents/NetBeansProjects/SEAMS/src/java/codeClass/stringSplit.java</file>
            <file>file:/C:/Users/Lankarathne/Documents/NetBeansProjects/SEAMS/web/views/body.jsp</file>
        </group>
    </open-files>
</project-private>
